id,first_name,last_name,email
1,Timmy,Whitemarsh,twhitemarsh0@google.fr
2,Nonah,Quenby,nquenby1@nbcnews.com
3,Karola,Hebblewhite,khebblewhite2@hc360.com
4,Sisely,Aloshkin,saloshkin3@webnode.com
5,Alaric,Stollery,astollery4@discuz.net
6,Pepita,Binnell,pbinnell5@creativecommons.org
7,Johanna,Burrass,jburrass6@soup.io
8,Jory,Clemmow,jclemmow7@google.co.uk
9,Oby,Fansy,ofansy8@ox.ac.uk
10,Cynthea,Aaronsohn,caaronsohn9@usa.gov
11,Carlo,Bouzan,cbouzana@cornell.edu
12,Jazmin,O' Driscoll,jodriscollb@discuz.net
13,Mehetabel,Oven,movenc@nih.gov
14,Hermann,Upcraft,hupcraftd@exblog.jp
15,Marquita,Smieton,msmietone@businesswire.com
16,Carlie,MacFarland,cmacfarlandf@eventbrite.com
17,Fitz,Pichan,fpichang@cpanel.net
18,Denney,Passmore,dpassmoreh@github.io
19,Alleyn,Manicom,amanicomi@mayoclinic.com
20,Ezmeralda,Casino,ecasinoj@bloglovin.com
21,Paulo,Innwood,pinnwoodk@google.es
22,Franklin,Rumney,frumneyl@irs.gov
23,Ferrel,Shevill,fshevillm@guardian.co.uk
24,Ellswerth,Drayn,edraynn@berkeley.edu
25,Salomone,Rozycki,srozyckio@unc.edu
26,Teodor,Rosenwald,trosenwaldp@51.la
27,Enrico,Arger,eargerq@livejournal.com
28,Haley,Matussov,hmatussovr@bluehost.com
29,Lorens,Gaughan,lgaughans@amazon.co.uk
30,Marlane,Perillo,mperillot@prlog.org
31,Mose,Godlonton,mgodlontonu@msn.com
32,Forster,Sommerville,fsommervillev@furl.net
33,Jabez,Carlton,jcarltonw@tumblr.com
34,Wynn,Knee,wkneex@harvard.edu
35,Kesley,Lacelett,klaceletty@mail.ru
36,Kelvin,Janu,kjanuz@multiply.com
37,Martyn,Treagus,mtreagus10@yahoo.com
38,Halimeda,Camelli,hcamelli11@1und1.de
39,Cloris,Sarjent,csarjent12@indiegogo.com
40,Padraig,Snawdon,psnawdon13@umich.edu
41,Karia,Runcieman,kruncieman14@mediafire.com
42,Kore,Balch,kbalch15@weebly.com
43,Staffard,Asp,sasp16@cbc.ca
44,Brigitta,Finkle,bfinkle17@admin.ch
45,Eartha,Wennington,ewennington18@answers.com
46,Mame,Cestard,mcestard19@oakley.com
47,Ondrea,Morfield,omorfield1a@europa.eu
48,Harland,O'Devey,hodevey1b@creativecommons.org
49,Murial,Marcq,mmarcq1c@plala.or.jp
50,Whitaker,Insall,winsall1d@phpbb.com