id,first_name,last_name,email,gender,ip_address
1,Timmy,Whitemarsh,twhitemarsh0@google.fr,Male,103.47.153.240
2,Nonah,Quenby,nquenby1@nbcnews.com,Female,5.148.208.19
3,Karola,Hebblewhite,khebblewhite2@hc360.com,Female,230.122.193.21
4,Sisely,Aloshkin,saloshkin3@webnode.com,Female,127.161.200.253
5,Alaric,Stollery,astollery4@discuz.net,Male,83.65.25.41
6,Pepita,Binnell,pbinnell5@creativecommons.org,Female,88.180.63.117
7,Johanna,Burrass,jburrass6@soup.io,Female,3.174.156.210
8,Jory,Clemmow,jclemmow7@google.co.uk,Male,22.48.168.61
9,Oby,Fansy,ofansy8@ox.ac.uk,Male,146.19.237.253
10,Cynthea,Aaronsohn,caaronsohn9@usa.gov,Female,151.183.5.64
11,Carlo,Bouzan,cbouzana@cornell.edu,Male,228.52.233.154
12,Jazmin,O' Driscoll,jodriscollb@discuz.net,Female,200.247.108.231
13,Mehetabel,Oven,movenc@nih.gov,Female,152.223.155.247
14,Hermann,Upcraft,hupcraftd@exblog.jp,Male,98.68.233.202
15,Marquita,Smieton,msmietone@businesswire.com,Female,139.41.180.103
16,Carlie,MacFarland,cmacfarlandf@eventbrite.com,Female,230.117.121.127
17,Fitz,Pichan,fpichang@cpanel.net,Male,3.130.8.191
18,Denney,Passmore,dpassmoreh@github.io,Male,28.111.201.52
19,Alleyn,Manicom,amanicomi@mayoclinic.com,Male,154.33.34.214
20,Ezmeralda,Casino,ecasinoj@bloglovin.com,Female,58.247.254.227
21,Paulo,Innwood,pinnwoodk@google.es,Male,176.1.93.192
22,Franklin,Rumney,frumneyl@irs.gov,Male,237.77.51.238
23,Ferrel,Shevill,fshevillm@guardian.co.uk,Male,199.150.248.48
24,Ellswerth,Drayn,edraynn@berkeley.edu,Male,238.10.126.253
25,Salomone,Rozycki,srozyckio@unc.edu,Male,43.191.111.30
26,Teodor,Rosenwald,trosenwaldp@51.la,Male,195.11.50.252
27,Enrico,Arger,eargerq@livejournal.com,Male,193.96.211.106
28,Haley,Matussov,hmatussovr@bluehost.com,Male,236.63.66.89
29,Lorens,Gaughan,lgaughans@amazon.co.uk,Male,157.211.191.149
30,Marlane,Perillo,mperillot@prlog.org,Female,125.198.40.231
31,Mose,Godlonton,mgodlontonu@msn.com,Male,24.251.82.8
32,Forster,Sommerville,fsommervillev@furl.net,Male,73.162.147.193
33,Jabez,Carlton,jcarltonw@tumblr.com,Male,235.131.174.156
34,Wynn,Knee,wkneex@harvard.edu,Male,55.132.202.240
35,Kesley,Lacelett,klaceletty@mail.ru,Female,99.134.210.214
36,Kelvin,Janu,kjanuz@multiply.com,Male,102.1.111.166
37,Martyn,Treagus,mtreagus10@yahoo.com,Male,158.115.14.141
38,Halimeda,Camelli,hcamelli11@1und1.de,Female,88.119.170.216
39,Cloris,Sarjent,csarjent12@indiegogo.com,Female,7.96.190.219
40,Padraig,Snawdon,psnawdon13@umich.edu,Male,238.74.81.174
41,Karia,Runcieman,kruncieman14@mediafire.com,Female,230.189.219.74
42,Kore,Balch,kbalch15@weebly.com,Female,76.240.207.104
43,Staffard,Asp,sasp16@cbc.ca,Male,255.223.85.215
44,Brigitta,Finkle,bfinkle17@admin.ch,Female,95.110.63.252
45,Eartha,Wennington,ewennington18@answers.com,Female,216.101.51.159
46,Mame,Cestard,mcestard19@oakley.com,Female,162.142.8.145
47,Ondrea,Morfield,omorfield1a@europa.eu,Female,76.96.93.78
48,Harland,O'Devey,hodevey1b@creativecommons.org,Male,86.72.106.37
49,Murial,Marcq,mmarcq1c@plala.or.jp,Female,187.112.193.137
50,Whitaker,Insall,winsall1d@phpbb.com,Female,185.96.89.232